"pos.exposure","pval.exposure","se.exposure","samplesize.exposure","chr.exposure","beta.exposure","SNP","effect_allele.exposure","other_allele.exposure","eaf.exposure","exposure","mr_keep.exposure","pval_origin.exposure","id.exposure"
92753336,2.72258e-08,0.0429813,21629,1,0.238907,"rs141094656","C","T",0.0195137,"ALDH2",TRUE,"reported","ULIkpM"
182323766,1.55274e-50,0.0119117,31569,2,0.178081,"rs1375493","A","G",0.565077,"ALDH2",TRUE,"reported","ULIkpM"
128297569,1.6275e-09,0.0121708,31569,3,-0.0734046,"rs9880192","C","G",0.392874,"ALDH2",TRUE,"reported","ULIkpM"
50370254,6.48037e-86,0.0164582,30077,7,-0.323304,"rs149007767","T","C",0.149708,"ALDH2",TRUE,"reported","ULIkpM"
50444152,1.1231e-08,0.050392,25010,7,0.287794,"rs150640087","T","G",0.0141169,"ALDH2",TRUE,"reported","ULIkpM"
137881690,1.50169e-10,0.0126231,31240,7,-0.080856,"rs7785014","C","T",0.668332,"ALDH2",TRUE,"reported","ULIkpM"
116599199,9.72814e-09,0.0121379,30792,8,0.0696144,"rs2293889","G","T",0.600603,"ALDH2",TRUE,"reported","ULIkpM"
130624105,2.27772e-11,0.0120496,31569,8,-0.0805766,"rs1991866","C","G",0.582429,"ALDH2",TRUE,"reported","ULIkpM"
113915905,8.13205e-16,0.0142627,31684,9,0.114848,"rs10980800","C","T",0.22312,"ALDH2",TRUE,"reported","ULIkpM"
111817367,8.21675e-15,0.0144517,30902,12,0.112208,"rs10774621","A","G",0.215201,"ALDH2",TRUE,"reported","ULIkpM"
112059359,1e-200,0.0189684,28135,12,0.607542,"rs145488714","A","G",0.102233,"ALDH2",TRUE,"reported","ULIkpM"
112783678,3.32047e-24,0.0412864,14140,12,0.419053,"rs78834294","A","G",0.021075,"ALDH2",TRUE,"reported","ULIkpM"
86011033,1.16627e-21,0.01453,31684,16,-0.138921,"rs13333054","T","C",0.211395,"ALDH2",TRUE,"reported","ULIkpM"
57885709,2.74916e-12,0.020753,31569,17,-0.145062,"rs7212590","T","C",0.0900785,"ALDH2",TRUE,"reported","ULIkpM"
48887268,5.08159e-25,0.0147941,31684,20,-0.152842,"rs17196752","T","C",0.20106,"ALDH2",TRUE,"reported","ULIkpM"
216576315,1.06331e-09,0.014637,31684,2,-0.0892814,"rs615857","G","A",0.791706,"FN1",TRUE,"reported","VxdvSa"
216215102,5.11564e-70,0.0119182,30901,2,-0.21082,"rs10932612","T","C",0.577616,"FN1",TRUE,"reported","VxdvSa"
216548760,2.67116e-20,0.0147495,31569,2,-0.136156,"rs17525860","T","G",0.203103,"FN1",TRUE,"reported","VxdvSa"
42515791,5.38022e-11,0.0145968,22748,6,0.0957576,"rs16895831","T","C",0.209742,"VNN2",TRUE,"reported","p7jH9J"
132943233,4.87865e-11,0.022928,25558,6,-0.150738,"rs9321356","G","A",0.0724235,"VNN2",TRUE,"reported","p7jH9J"
133037306,1e-200,0.0105967,26609,6,-0.773846,"rs12205095","G","T",0.354936,"VNN2",TRUE,"reported","p7jH9J"
133358655,6.79454e-10,0.0403284,20999,6,0.248863,"rs117400398","C","T",0.0222153,"VNN2",TRUE,"reported","p7jH9J"
132911270,2.28034e-34,0.0186822,26493,6,-0.228392,"rs17061477","C","A",0.113256,"VNN2",TRUE,"reported","p7jH9J"
133447707,1.06586e-37,0.017954,26165,6,0.230412,"rs17819710","C","T",0.124002,"VNN2",TRUE,"reported","p7jH9J"
50370254,6.37236e-47,0.0165606,25002,7,0.238237,"rs149007767","T","C",0.149708,"VNN2",TRUE,"reported","p7jH9J"
40974023,4.43404e-12,0.0292216,24202,13,-0.202286,"rs77526211","A","G",0.0432109,"VNN2",TRUE,"reported","p7jH9J"
28310039,3.57363e-10,0.0234552,31240,7,-0.147099,"rs77794377","A","G",0.0689662,"CREB5",TRUE,"reported","bheArY"
28714796,1e-200,0.0121009,31233,7,-0.483328,"rs7810930","C","T",0.31929,"CREB5",TRUE,"reported","bheArY"
137881690,1.38803e-35,0.0125726,31240,7,0.156536,"rs7785014","C","T",0.668332,"CREB5",TRUE,"reported","bheArY"
6749758,3.20406e-64,0.0178366,30847,7,-0.301793,"rs6967414","A","G",0.124674,"CREB5",TRUE,"reported","bheArY"
28773734,1e-200,0.0181122,31231,7,-0.649405,"rs34985001","C","A",0.11137,"CREB5",TRUE,"reported","bheArY"
61650831,2.60549e-10,0.0155257,31569,8,-0.0981303,"rs7846314","T","A",0.178349,"CREB5",TRUE,"reported","bheArY"
38163295,1.17058e-17,0.012233,31569,17,0.104663,"rs12600856","C","T",0.379553,"CREB5",TRUE,"reported","bheArY"
163110536,1.54401e-08,0.0121359,28917,2,0.0686468,"rs2111485","G","A",0.600138,"XAF1",TRUE,"reported","Fkeifk"
50305863,2.60856e-13,0.0127727,31300,7,-0.0934071,"rs4917014","G","T",0.316454,"XAF1",TRUE,"reported","Fkeifk"
139356987,1.10739e-13,0.0130279,27284,9,-0.0967638,"rs57994353","C","T",0.294804,"XAF1",TRUE,"reported","Fkeifk"
6673170,3.00746e-37,0.012108,31684,17,0.154412,"rs1533031","G","A",0.394528,"XAF1",TRUE,"reported","Fkeifk"
6557587,4.29013e-09,0.0118891,31355,17,0.0698198,"rs10491082","C","T",0.502055,"XAF1",TRUE,"reported","Fkeifk"
88180196,2.12863e-16,0.0266657,29991,5,-0.219046,"rs114694170","C","T",0.0523176,"CA2",TRUE,"reported","mi3Swi"
106372219,2.84643e-20,0.0119258,31145,7,0.110012,"rs342293","G","C",0.450728,"CA2",TRUE,"reported","mi3Swi"
86546030,1e-200,0.0114437,30862,8,0.391153,"rs13282987","T","C",0.513532,"CA2",TRUE,"reported","mi3Swi"
85489393,1.76889e-14,0.021396,30125,8,-0.164026,"rs1320771","T","C",0.0841371,"CA2",TRUE,"reported","mi3Swi"
85731324,3.77642e-08,0.042181,23716,8,0.232042,"rs12543946","C","T",0.0202779,"CA2",TRUE,"reported","mi3Swi"
86255079,3.75059e-76,0.0119167,31186,8,-0.220075,"rs1032551","G","C",0.580245,"CA2",TRUE,"reported","mi3Swi"
4763176,2.47252e-08,0.0118962,31260,9,0.0663238,"rs385893","C","T",0.515615,"CA2",TRUE,"reported","mi3Swi"
99192919,1.78649e-12,0.0139733,26121,9,0.0985146,"rs10820606","C","A",0.236914,"CA2",TRUE,"reported","mi3Swi"
54712308,6.31975e-22,0.0120619,31644,12,-0.116086,"rs10876550","A","G",0.590064,"CA2",TRUE,"reported","mi3Swi"
57019443,1.29509e-11,0.0126267,27454,12,-0.0854698,"rs7973618","C","T",0.331077,"CA2",TRUE,"reported","mi3Swi"
88556880,1.07622e-12,0.0130507,20088,16,0.0929262,"rs10852622","G","A",0.293204,"CA2",TRUE,"reported","mi3Swi"
33875262,4.72933e-08,0.0129049,31145,17,-0.0704739,"rs8073060","A","T",0.305723,"CA2",TRUE,"reported","mi3Swi"
6011141,1.64589e-10,0.0210059,26057,19,-0.134251,"rs505401","T","A",0.0877483,"CA2",TRUE,"reported","mi3Swi"
36368659,5.7044e-09,0.012323,31644,21,0.0717865,"rs11702779","A","G",0.368503,"CA2",TRUE,"reported","mi3Swi"
50370254,3.93913e-14,0.0166479,29863,7,0.12591,"rs149007767","T","C",0.149708,"CDKN1B",TRUE,"reported","BAm7Zx"
12605378,2.10329e-10,0.0300972,31026,12,-0.191223,"rs2013675","T","G",0.0406459,"CDKN1B",TRUE,"reported","BAm7Zx"
12879254,1.44145e-45,0.0133034,31022,12,-0.188484,"rs7956514","G","T",0.270536,"CDKN1B",TRUE,"reported","BAm7Zx"
79167851,2.11009e-11,0.0128083,27737,1,0.0857939,"rs75417281","C","G",0.313565,"IFI44L",TRUE,"reported","SXWrRL"
163124051,1.23169e-37,0.0120987,28533,2,0.15513,"rs1990760","T","C",0.603866,"IFI44L",TRUE,"reported","SXWrRL"
50305863,3.02482e-44,0.0127096,31300,7,-0.177332,"rs4917014","G","T",0.316454,"IFI44L",TRUE,"reported","SXWrRL"
32523737,6.78578e-15,0.0121819,31684,9,-0.0948747,"rs11795343","C","T",0.389022,"IFI44L",TRUE,"reported","SXWrRL"
139356987,1.9081e-26,0.0130013,27284,9,-0.138352,"rs57994353","C","T",0.294804,"IFI44L",TRUE,"reported","SXWrRL"
50069395,3.55795e-13,0.0119184,31684,10,-0.0866614,"rs2663052","A","G",0.46054,"IFI44L",TRUE,"reported","SXWrRL"
51748610,1.74558e-10,0.0119444,31684,15,0.0762295,"rs3736485","G","A",0.54925,"IFI44L",TRUE,"reported","SXWrRL"
46205686,2.84446e-11,0.0122207,31644,3,0.0813201,"rs7616215","T","C",0.616408,"SYTL2",TRUE,"reported","n3Lf59"
169518455,4.78156e-09,0.013312,31260,3,-0.077935,"rs6793295","C","T",0.275081,"SYTL2",TRUE,"reported","n3Lf59"
85271345,1e-200,0.0160327,31643,11,-0.525181,"rs4301809","C","T",0.150819,"SYTL2",TRUE,"reported","n3Lf59"
85865191,3.5148e-11,0.0143352,31315,11,0.0949466,"rs6592272","T","C",0.220434,"SYTL2",TRUE,"reported","n3Lf59"
84723293,7.79471e-22,0.0168625,24294,11,-0.161922,"rs61909101","A","G",0.144712,"SYTL2",TRUE,"reported","n3Lf59"
84566486,7.25605e-10,0.0173928,31529,11,-0.107145,"rs73516921","G","A",0.135012,"SYTL2",TRUE,"reported","n3Lf59"
85470893,8.7297e-151,0.013364,31644,11,0.349528,"rs639688","G","A",0.746627,"SYTL2",TRUE,"reported","n3Lf59"
248038210,2.22485e-12,0.0131963,31684,1,0.0926325,"rs35340377","A","G",0.282536,"TSPYL5",TRUE,"reported","obc8mT"
98533207,1.83063e-49,0.0145669,31568,8,0.215372,"rs4431566","G","C",0.207413,"TSPYL5",TRUE,"reported","obc8mT"
98271762,2.0417e-171,0.0256448,31355,8,-0.715736,"rs80222081","T","C",0.0539574,"TSPYL5",TRUE,"reported","obc8mT"
98154441,8.27942e-16,0.012645,31684,8,-0.101789,"rs17737465","G","A",0.328329,"TSPYL5",TRUE,"reported","obc8mT"
