"SNP","effect_allele.exposure","other_allele.exposure","effect_allele.outcome","other_allele.outcome","beta.exposure","beta.outcome","eaf.exposure","eaf.outcome","remove","palindromic","ambiguous","id.outcome","se.outcome","pval.outcome","outcome","mr_keep.outcome","pval_origin.outcome","pos.exposure","pval.exposure","se.exposure","samplesize.exposure","chr.exposure","exposure","mr_keep.exposure","pval_origin.exposure","id.exposure","action","SNP_index","mr_keep","samplesize.outcome"
"rs10852622","G","A","G","A",0.0929262,-0.0705,0.293204,0.284163,FALSE,FALSE,FALSE,"ZfugKZ",0.113,0.531,"GWAScatalog_GCST90435706",TRUE,"reported",88556880,1.07622e-12,0.0130507,20088,16,"CA2",TRUE,"reported","mi3Swi",2,1,TRUE,NA
"rs10876550","A","G","A","G",-0.116086,0.0283,0.590064,0.558585,FALSE,FALSE,FALSE,"ZfugKZ",0.101,0.779,"GWAScatalog_GCST90435706",TRUE,"reported",54712308,6.31975e-22,0.0120619,31644,12,"CA2",TRUE,"reported","mi3Swi",2,1,TRUE,NA
"rs114694170","C","T","C","T",-0.219046,-0.214,0.0523176,0.059537,FALSE,FALSE,FALSE,"ZfugKZ",0.215,0.318,"GWAScatalog_GCST90435706",TRUE,"reported",88180196,2.12863e-16,0.0266657,29991,5,"CA2",TRUE,"reported","mi3Swi",2,1,TRUE,NA
"rs11702779","A","G","A","G",0.0717865,0.184,0.368503,0.358655,FALSE,FALSE,FALSE,"ZfugKZ",0.104,0.0777,"GWAScatalog_GCST90435706",TRUE,"reported",36368659,5.7044e-09,0.012323,31644,21,"CA2",TRUE,"reported","mi3Swi",2,1,TRUE,NA
"rs12543946","C","T","C","T",0.232042,-0.273,0.0202779,0.007159,FALSE,FALSE,FALSE,"ZfugKZ",0.606,0.653,"GWAScatalog_GCST90435706",TRUE,"reported",85731324,3.77642e-08,0.042181,23716,8,"CA2",TRUE,"reported","mi3Swi",2,1,TRUE,NA
"rs1320771","T","C","T","C",-0.164026,0.371,0.0841371,0.088514,FALSE,FALSE,FALSE,"ZfugKZ",0.176,0.0357,"GWAScatalog_GCST90435706",TRUE,"reported",85489393,1.76889e-14,0.021396,30125,8,"CA2",TRUE,"reported","mi3Swi",2,1,TRUE,NA
"rs13282987","T","C","T","C",0.391153,0.152,0.513532,0.512973,FALSE,FALSE,FALSE,"ZfugKZ",0.101,0.131,"GWAScatalog_GCST90435706",TRUE,"reported",86546030,1e-200,0.0114437,30862,8,"CA2",TRUE,"reported","mi3Swi",2,1,TRUE,NA
"rs385893","C","T","C","T",0.0663238,0.0958,0.515615,0.52617,FALSE,FALSE,FALSE,"ZfugKZ",0.1,0.34,"GWAScatalog_GCST90435706",TRUE,"reported",4763176,2.47252e-08,0.0118962,31260,9,"CA2",TRUE,"reported","mi3Swi",2,1,TRUE,NA
"rs505401","T","A","T","A",-0.134251,-0.0596,0.0877483,0.103254,FALSE,TRUE,FALSE,"ZfugKZ",0.166,0.72,"GWAScatalog_GCST90435706",TRUE,"reported",6011141,1.64589e-10,0.0210059,26057,19,"CA2",TRUE,"reported","mi3Swi",2,1,TRUE,NA
"rs8073060","A","T","A","T",-0.0704739,-0.0319,0.305723,0.290163,FALSE,TRUE,FALSE,"ZfugKZ",0.111,0.773,"GWAScatalog_GCST90435706",TRUE,"reported",33875262,4.72933e-08,0.0129049,31145,17,"CA2",TRUE,"reported","mi3Swi",2,1,TRUE,NA
"rs10491082","C","T","C","T",0.0698198,0.0481,0.502055,0.483085,FALSE,FALSE,FALSE,"ZfugKZ",0.1,0.631,"GWAScatalog_GCST90435706",TRUE,"reported",6557587,4.29013e-09,0.0118891,31355,17,"XAF1",TRUE,"reported","Fkeifk",2,1,TRUE,NA
"rs1533031","G","A","G","A",0.154412,0.125,0.394528,0.370493,FALSE,FALSE,FALSE,"ZfugKZ",0.104,0.23,"GWAScatalog_GCST90435706",TRUE,"reported",6673170,3.00746e-37,0.012108,31684,17,"XAF1",TRUE,"reported","Fkeifk",2,1,TRUE,NA
"rs2111485","G","A","G","A",0.0686468,-0.054,0.600138,0.609293,FALSE,FALSE,FALSE,"ZfugKZ",0.102,0.598,"GWAScatalog_GCST90435706",TRUE,"reported",163110536,1.54401e-08,0.0121359,28917,2,"XAF1",TRUE,"reported","Fkeifk",2,1,TRUE,NA
"rs4917014","G","T","G","T",-0.0934071,0.0393,0.316454,0.319392,FALSE,FALSE,FALSE,"ZfugKZ",0.107,0.714,"GWAScatalog_GCST90435706",TRUE,"reported",50305863,2.60856e-13,0.0127727,31300,7,"XAF1",TRUE,"reported","Fkeifk",2,1,TRUE,NA
"rs57994353","C","T","C","T",-0.0967638,-0.0654,0.294804,0.299926,FALSE,FALSE,FALSE,"ZfugKZ",0.109,0.549,"GWAScatalog_GCST90435706",TRUE,"reported",139356987,1.10739e-13,0.0130279,27284,9,"XAF1",TRUE,"reported","Fkeifk",2,1,TRUE,NA
"rs10774621","A","G","A","G",0.112208,-0.18,0.215201,0.205312,FALSE,FALSE,FALSE,"ZfugKZ",0.126,0.152,"GWAScatalog_GCST90435706",TRUE,"reported",111817367,8.21675e-15,0.0144517,30902,12,"ALDH2",TRUE,"reported","ULIkpM",2,1,TRUE,NA
"rs10980800","C","T","C","T",0.114848,0.0493,0.22312,0.238972,FALSE,FALSE,FALSE,"ZfugKZ",0.117,0.675,"GWAScatalog_GCST90435706",TRUE,"reported",113915905,8.13205e-16,0.0142627,31684,9,"ALDH2",TRUE,"reported","ULIkpM",2,1,TRUE,NA
"rs13333054","T","C","T","C",-0.138921,0.193,0.211395,0.22729,FALSE,FALSE,FALSE,"ZfugKZ",0.119,0.105,"GWAScatalog_GCST90435706",TRUE,"reported",86011033,1.16627e-21,0.01453,31684,16,"ALDH2",TRUE,"reported","ULIkpM",2,1,TRUE,NA
"rs1375493","A","G","A","G",0.178081,-0.0472,0.565077,0.557661,FALSE,FALSE,FALSE,"ZfugKZ",0.101,0.641,"GWAScatalog_GCST90435706",TRUE,"reported",182323766,1.55274e-50,0.0119117,31569,2,"ALDH2",TRUE,"reported","ULIkpM",2,1,TRUE,NA
"rs141094656","C","T","C","T",0.238907,0.261,0.0195137,0.014839,FALSE,FALSE,FALSE,"ZfugKZ",0.435,0.549,"GWAScatalog_GCST90435706",TRUE,"reported",92753336,2.72258e-08,0.0429813,21629,1,"ALDH2",TRUE,"reported","ULIkpM",2,1,TRUE,NA
"rs145488714","A","G","A","G",0.607542,-0.203,0.102233,0.094722,FALSE,FALSE,FALSE,"ZfugKZ",0.171,0.237,"GWAScatalog_GCST90435706",TRUE,"reported",112059359,1e-200,0.0189684,28135,12,"ALDH2",TRUE,"reported","ULIkpM",2,1,TRUE,NA
"rs149007767","T","C","T","C",-0.323304,0.122,0.149708,0.164091,FALSE,FALSE,FALSE,"ZfugKZ",0.141,0.385,"GWAScatalog_GCST90435706",TRUE,"reported",50370254,6.48037e-86,0.0164582,30077,7,"ALDH2",TRUE,"reported","ULIkpM",2,1,TRUE,NA
"rs150640087","T","G","T","G",0.287794,-0.452,0.0141169,0.016453,FALSE,FALSE,FALSE,"ZfugKZ",0.402,0.262,"GWAScatalog_GCST90435706",TRUE,"reported",50444152,1.1231e-08,0.050392,25010,7,"ALDH2",TRUE,"reported","ULIkpM",2,1,TRUE,NA
"rs17196752","T","C","T","C",-0.152842,-0.0205,0.20106,0.188824,FALSE,FALSE,FALSE,"ZfugKZ",0.129,0.874,"GWAScatalog_GCST90435706",TRUE,"reported",48887268,5.08159e-25,0.0147941,31684,20,"ALDH2",TRUE,"reported","ULIkpM",2,1,TRUE,NA
"rs2293889","G","T","G","T",0.0696144,-0.145,0.600603,0.566857,FALSE,FALSE,FALSE,"ZfugKZ",0.101,0.152,"GWAScatalog_GCST90435706",TRUE,"reported",116599199,9.72814e-09,0.0121379,30792,8,"ALDH2",TRUE,"reported","ULIkpM",2,1,TRUE,NA
"rs7212590","T","C","T","C",-0.145062,0.0757,0.0900785,0.077776,FALSE,FALSE,FALSE,"ZfugKZ",0.187,0.686,"GWAScatalog_GCST90435706",TRUE,"reported",57885709,2.74916e-12,0.020753,31569,17,"ALDH2",TRUE,"reported","ULIkpM",2,1,TRUE,NA
"rs7785014","C","T","C","T",-0.080856,-0.059,0.668332,0.671632,FALSE,FALSE,FALSE,"ZfugKZ",0.107,0.583,"GWAScatalog_GCST90435706",TRUE,"reported",137881690,1.50169e-10,0.0126231,31240,7,"ALDH2",TRUE,"reported","ULIkpM",2,1,TRUE,NA
"rs78834294","A","G","A","G",0.419053,-0.241,0.021075,0.013768,FALSE,FALSE,FALSE,"ZfugKZ",0.45,0.593,"GWAScatalog_GCST90435706",TRUE,"reported",112783678,3.32047e-24,0.0412864,14140,12,"ALDH2",TRUE,"reported","ULIkpM",2,1,TRUE,NA
"rs9880192","C","G","C","G",-0.0734046,0.0226,0.392874,0.414554,FALSE,TRUE,FALSE,"ZfugKZ",0.102,0.825,"GWAScatalog_GCST90435706",TRUE,"reported",128297569,1.6275e-09,0.0121708,31569,3,"ALDH2",TRUE,"reported","ULIkpM",2,1,TRUE,NA
"rs10932612","T","C","T","C",-0.21082,-0.248,0.577616,0.614154,FALSE,FALSE,FALSE,"ZfugKZ",0.103,0.0161,"GWAScatalog_GCST90435706",TRUE,"reported",216215102,5.11564e-70,0.0119182,30901,2,"FN1",TRUE,"reported","VxdvSa",2,1,TRUE,NA
"rs17525860","T","G","T","G",-0.136156,-0.0214,0.203103,0.227413,FALSE,FALSE,FALSE,"ZfugKZ",0.12,0.859,"GWAScatalog_GCST90435706",TRUE,"reported",216548760,2.67116e-20,0.0147495,31569,2,"FN1",TRUE,"reported","VxdvSa",2,1,TRUE,NA
"rs615857","G","A","G","A",-0.0892814,-0.167,0.791706,0.780363,FALSE,FALSE,FALSE,"ZfugKZ",0.121,0.169,"GWAScatalog_GCST90435706",TRUE,"reported",216576315,1.06331e-09,0.014637,31684,2,"FN1",TRUE,"reported","VxdvSa",2,1,TRUE,NA
"rs117400398","C","T","C","T",0.248863,0.38,0.0222153,0.016671,FALSE,FALSE,FALSE,"ZfugKZ",0.401,0.344,"GWAScatalog_GCST90435706",TRUE,"reported",133358655,6.79454e-10,0.0403284,20999,6,"VNN2",TRUE,"reported","p7jH9J",2,1,TRUE,NA
"rs12205095","G","T","G","T",-0.773846,0.241,0.354936,0.345242,FALSE,FALSE,FALSE,"ZfugKZ",0.108,0.0251,"GWAScatalog_GCST90435706",TRUE,"reported",133037306,1e-200,0.0105967,26609,6,"VNN2",TRUE,"reported","p7jH9J",2,1,TRUE,NA
"rs149007767","T","C","T","C",0.238237,0.122,0.149708,0.164091,FALSE,FALSE,FALSE,"ZfugKZ",0.141,0.385,"GWAScatalog_GCST90435706",TRUE,"reported",50370254,6.37236e-47,0.0165606,25002,7,"VNN2",TRUE,"reported","p7jH9J",2,1,TRUE,NA
"rs17061477","C","A","C","A",-0.228392,0.152,0.113256,0.093314,FALSE,FALSE,FALSE,"ZfugKZ",0.172,0.379,"GWAScatalog_GCST90435706",TRUE,"reported",132911270,2.28034e-34,0.0186822,26493,6,"VNN2",TRUE,"reported","p7jH9J",2,1,TRUE,NA
"rs17819710","C","T","C","T",0.230412,-0.167,0.124002,0.115494,FALSE,FALSE,FALSE,"ZfugKZ",0.159,0.292,"GWAScatalog_GCST90435706",TRUE,"reported",133447707,1.06586e-37,0.017954,26165,6,"VNN2",TRUE,"reported","p7jH9J",2,1,TRUE,NA
"rs77526211","A","G","A","G",-0.202286,-0.194,0.0432109,0.030976,FALSE,FALSE,FALSE,"ZfugKZ",0.295,0.511,"GWAScatalog_GCST90435706",TRUE,"reported",40974023,4.43404e-12,0.0292216,24202,13,"VNN2",TRUE,"reported","p7jH9J",2,1,TRUE,NA
"rs9321356","G","A","G","A",-0.150738,-0.178,0.0724235,0.059844,FALSE,FALSE,FALSE,"ZfugKZ",0.21,0.398,"GWAScatalog_GCST90435706",TRUE,"reported",132943233,4.87865e-11,0.022928,25558,6,"VNN2",TRUE,"reported","p7jH9J",2,1,TRUE,NA
"rs11795343","C","T","C","T",-0.0948747,-0.176,0.389022,0.402735,FALSE,FALSE,FALSE,"ZfugKZ",0.102,0.0848,"GWAScatalog_GCST90435706",TRUE,"reported",32523737,6.78578e-15,0.0121819,31684,9,"IFI44L",TRUE,"reported","SXWrRL",2,1,TRUE,NA
"rs1990760","T","C","T","C",0.15513,-0.044,0.603866,0.609508,FALSE,FALSE,FALSE,"ZfugKZ",0.103,0.668,"GWAScatalog_GCST90435706",TRUE,"reported",163124051,1.23169e-37,0.0120987,28533,2,"IFI44L",TRUE,"reported","SXWrRL",2,1,TRUE,NA
"rs2663052","A","G","A","G",-0.0866614,0.0859,0.46054,0.459024,FALSE,FALSE,FALSE,"ZfugKZ",0.101,0.393,"GWAScatalog_GCST90435706",TRUE,"reported",50069395,3.55795e-13,0.0119184,31684,10,"IFI44L",TRUE,"reported","SXWrRL",2,1,TRUE,NA
"rs3736485","G","A","G","A",0.0762295,0.0406,0.54925,0.539549,FALSE,FALSE,FALSE,"ZfugKZ",0.101,0.688,"GWAScatalog_GCST90435706",TRUE,"reported",51748610,1.74558e-10,0.0119444,31684,15,"IFI44L",TRUE,"reported","SXWrRL",2,1,TRUE,NA
"rs4917014","G","T","G","T",-0.177332,0.0393,0.316454,0.319392,FALSE,FALSE,FALSE,"ZfugKZ",0.107,0.714,"GWAScatalog_GCST90435706",TRUE,"reported",50305863,3.02482e-44,0.0127096,31300,7,"IFI44L",TRUE,"reported","SXWrRL",2,1,TRUE,NA
"rs57994353","C","T","C","T",-0.138352,-0.0654,0.294804,0.299926,FALSE,FALSE,FALSE,"ZfugKZ",0.109,0.549,"GWAScatalog_GCST90435706",TRUE,"reported",139356987,1.9081e-26,0.0130013,27284,9,"IFI44L",TRUE,"reported","SXWrRL",2,1,TRUE,NA
"rs12600856","C","T","C","T",0.104663,-0.0858,0.379553,0.388282,FALSE,FALSE,FALSE,"ZfugKZ",0.103,0.403,"GWAScatalog_GCST90435706",TRUE,"reported",38163295,1.17058e-17,0.012233,31569,17,"CREB5",TRUE,"reported","bheArY",2,1,TRUE,NA
"rs34985001","C","A","C","A",-0.649405,-0.0394,0.11137,0.122674,FALSE,FALSE,FALSE,"ZfugKZ",0.154,0.798,"GWAScatalog_GCST90435706",TRUE,"reported",28773734,1e-200,0.0181122,31231,7,"CREB5",TRUE,"reported","bheArY",2,1,TRUE,NA
"rs6967414","A","G","A","G",-0.301793,0.298,0.124674,0.105699,FALSE,FALSE,FALSE,"ZfugKZ",0.164,0.0685,"GWAScatalog_GCST90435706",TRUE,"reported",6749758,3.20406e-64,0.0178366,30847,7,"CREB5",TRUE,"reported","bheArY",2,1,TRUE,NA
"rs77794377","A","G","A","G",-0.147099,0.00508,0.0689662,0.070875,FALSE,FALSE,FALSE,"ZfugKZ",0.202,0.98,"GWAScatalog_GCST90435706",TRUE,"reported",28310039,3.57363e-10,0.0234552,31240,7,"CREB5",TRUE,"reported","bheArY",2,1,TRUE,NA
"rs7785014","C","T","C","T",0.156536,-0.059,0.668332,0.671632,FALSE,FALSE,FALSE,"ZfugKZ",0.107,0.583,"GWAScatalog_GCST90435706",TRUE,"reported",137881690,1.38803e-35,0.0125726,31240,7,"CREB5",TRUE,"reported","bheArY",2,1,TRUE,NA
"rs7810930","C","T","C","T",-0.483328,0.0941,0.31929,0.317346,FALSE,FALSE,FALSE,"ZfugKZ",0.108,0.384,"GWAScatalog_GCST90435706",TRUE,"reported",28714796,1e-200,0.0121009,31233,7,"CREB5",TRUE,"reported","bheArY",2,1,TRUE,NA
"rs7846314","T","A","T","A",-0.0981303,-0.398,0.178349,0.18637,FALSE,TRUE,FALSE,"ZfugKZ",0.13,0.00214,"GWAScatalog_GCST90435706",TRUE,"reported",61650831,2.60549e-10,0.0155257,31569,8,"CREB5",TRUE,"reported","bheArY",2,1,TRUE,NA
"rs149007767","T","C","T","C",0.12591,0.122,0.149708,0.164091,FALSE,FALSE,FALSE,"ZfugKZ",0.141,0.385,"GWAScatalog_GCST90435706",TRUE,"reported",50370254,3.93913e-14,0.0166479,29863,7,"CDKN1B",TRUE,"reported","BAm7Zx",2,1,TRUE,NA
"rs2013675","T","G","T","G",-0.191223,0.131,0.0406459,0.044933,FALSE,FALSE,FALSE,"ZfugKZ",0.243,0.588,"GWAScatalog_GCST90435706",TRUE,"reported",12605378,2.10329e-10,0.0300972,31026,12,"CDKN1B",TRUE,"reported","BAm7Zx",2,1,TRUE,NA
"rs7956514","G","T","G","T",-0.188484,-0.0563,0.270536,0.286243,FALSE,FALSE,FALSE,"ZfugKZ",0.11,0.611,"GWAScatalog_GCST90435706",TRUE,"reported",12879254,1.44145e-45,0.0133034,31022,12,"CDKN1B",TRUE,"reported","BAm7Zx",2,1,TRUE,NA
"rs17737465","G","A","G","A",-0.101789,0.0113,0.328329,0.338754,FALSE,FALSE,FALSE,"ZfugKZ",0.106,0.915,"GWAScatalog_GCST90435706",TRUE,"reported",98154441,8.27942e-16,0.012645,31684,8,"TSPYL5",TRUE,"reported","obc8mT",2,1,TRUE,NA
"rs35340377","A","G","A","G",0.0926325,-0.224,0.282536,0.27651,FALSE,FALSE,FALSE,"ZfugKZ",0.112,0.0463,"GWAScatalog_GCST90435706",TRUE,"reported",248038210,2.22485e-12,0.0131963,31684,1,"TSPYL5",TRUE,"reported","obc8mT",2,1,TRUE,NA
"rs4431566","G","C","G","C",0.215372,0.126,0.207413,0.21729,FALSE,TRUE,FALSE,"ZfugKZ",0.122,0.301,"GWAScatalog_GCST90435706",TRUE,"reported",98533207,1.83063e-49,0.0145669,31568,8,"TSPYL5",TRUE,"reported","obc8mT",2,1,TRUE,NA
"rs80222081","T","C","T","C",-0.715736,0.304,0.0539574,0.050125,FALSE,FALSE,FALSE,"ZfugKZ",0.233,0.192,"GWAScatalog_GCST90435706",TRUE,"reported",98271762,2.0417e-171,0.0256448,31355,8,"TSPYL5",TRUE,"reported","obc8mT",2,1,TRUE,NA
"rs4301809","C","T","C","T",-0.525181,0.0664,0.150819,0.140509,FALSE,FALSE,FALSE,"ZfugKZ",0.146,0.649,"GWAScatalog_GCST90435706",TRUE,"reported",85271345,1e-200,0.0160327,31643,11,"SYTL2",TRUE,"reported","n3Lf59",2,1,TRUE,NA
"rs639688","G","A","G","A",0.349528,-0.127,0.746627,0.724587,FALSE,FALSE,FALSE,"ZfugKZ",0.112,0.257,"GWAScatalog_GCST90435706",TRUE,"reported",85470893,8.7297e-151,0.013364,31644,11,"SYTL2",TRUE,"reported","n3Lf59",2,1,TRUE,NA
"rs6592272","T","C","T","C",0.0949466,-0.0925,0.220434,0.220343,FALSE,FALSE,FALSE,"ZfugKZ",0.121,0.445,"GWAScatalog_GCST90435706",TRUE,"reported",85865191,3.5148e-11,0.0143352,31315,11,"SYTL2",TRUE,"reported","n3Lf59",2,1,TRUE,NA
"rs6793295","C","T","C","T",-0.077935,0.0501,0.275081,0.263987,FALSE,FALSE,FALSE,"ZfugKZ",0.114,0.66,"GWAScatalog_GCST90435706",TRUE,"reported",169518455,4.78156e-09,0.013312,31260,3,"SYTL2",TRUE,"reported","n3Lf59",2,1,TRUE,NA
"rs73516921","G","A","G","A",-0.107145,0.358,0.135012,0.148397,FALSE,FALSE,FALSE,"ZfugKZ",0.142,0.0117,"GWAScatalog_GCST90435706",TRUE,"reported",84566486,7.25605e-10,0.0173928,31529,11,"SYTL2",TRUE,"reported","n3Lf59",2,1,TRUE,NA
"rs7616215","T","C","T","C",0.0813201,-0.115,0.616408,0.63803,FALSE,FALSE,FALSE,"ZfugKZ",0.104,0.271,"GWAScatalog_GCST90435706",TRUE,"reported",46205686,2.84446e-11,0.0122207,31644,3,"SYTL2",TRUE,"reported","n3Lf59",2,1,TRUE,NA
